{"cameraMode":{"drawMode":0,"name":"Shaded","section":"Shading Mode"},"sceneLighting":false,"audioPlay":false,"sceneViewState":{"showFog":true,"showMaterialUpdate":false,"showSkybox":true,"showFlares":true,"showImageEffects":true,"showParticleSystems":true},"in2DMode":false,"pivot":{"x":-0.616679847240448,"y":-4.346351623535156,"z":-12.521391868591309},"rotation":{"x":0.0771494135260582,"y":-0.9209782481193543,"z":0.29888811707496645,"w":0.23772436380386353},"size":27.223041534423829,"orthographic":false}