{"cameraMode":{"drawMode":0,"name":"Shaded","section":"Shading Mode"},"sceneLighting":false,"audioPlay":false,"sceneViewState":{"showFog":true,"showMaterialUpdate":false,"showSkybox":true,"showFlares":true,"showImageEffects":true,"showParticleSystems":true},"in2DMode":false,"pivot":{"x":-0.616679847240448,"y":-4.346351623535156,"z":-12.521391868591309},"rotation":{"x":0.14010880887508393,"y":-0.8535366654396057,"z":0.29408445954322817,"w":0.40664368867874148},"size":31.066011428833009,"orthographic":false}